Couleur	Objet	Contexte	Phrases
Rouge	rubis	montagne	Harmonie tombe dans une petite crevasse et se retrouve dans une mine de rubis.
Rouge	tomate	champ	Harmonie affamé, écrase une grappe de tomates et les enfonce dans la bouche. "Ah, que c'est délicieux". "Tu veux dire dégeulasse" dit son ami $Ami.
Rouge	fraise	champ	Harmonie saisit un panier d'osier et le remplit de fraises sauvages. La petite chanceuse se fera un bon goûter.
Rouge	coeur	plage	Harmonie passe sa fin de journée au bord de la mer, le coucher de soleil rempli son coeur de bonheur.
Rouge	pomme	forêt	Harmonie cueillit une pomme dans l'arbre qui ressemblait à un petit soleil.
Rouge	roses	champ	Harmonie pense fort à sa maman et cueille de magnifiques roses afin de lui concevoir un bouquet.
Rouge	voiture de course	ville	Harmonie, la tête dans les étoiles, revient à elle en entendant un coup de claxon d'une voiture de course. Le conducteur la prévient qu'elle était arrêtée au milieu de la route.
Rouge	cerise	forêt	Harmonie a un creux, elle aperçoit un cerisier et décide de grimper à l'arbre affin d'y cueillir des cerises.
Rouge	poivrons	champ	Harmonie se balade dans les prés et corise un fermier qui lui fait découvrir son métier. Elle continua son chemin avec un baluchon rempli de poivron que celui-ci lui a offert.
Rouge	crabe	plage	Harmonie se baigne dans la mer, quand d'un coup, elle se mit à hurler. Un crabe lui pinça le petit orteil.
Rouge	rouge à lèvre	ville	Harmonie trouve un grand sac à main. En regardant dedans, elle tombe sur un rouge à lèvre d'une couleur époustouflante.
Rouge	coquelicot	champ	Harmonie joue à cache-cache avec son ami renard, en le cherchant, elle se retrouve au milieu d'un énorme champ de coquelicot
Rouge	grenade	forêt	Harmonie est perdue, elle découvre un arbre qu'elle avait encore jamais vu; le grenadier qui produit un fruit très étrange: la grenade.
Rouge	camion de pompier	ville	Harmonie sent une odeur de fumée, elle se demande si quelqu'un est entrain de faire des grillades. Malheureusement, en voyant un camion de pompier passer à côté d'elle à toute allure, elle se rend compte qu'une maison est entrain de brûler.
Rouge	ruban	ville	Harmonie entend des applaudissements au loin. En se rapprochant, elle voit un vieux monsieur avec un chapeau haut-de-forme couper un ruban avec des ciseaux.
Rouge	chapeau de lutin	montagne	Harmonie part à la recherche du pied de l'arc-en-ciel. Elle veut trouver la marmitte d'or, comme on en trouve dans les contes que sa grand-mère lui raconte. En arrivant à destination, quelqu'un a déjà trouvé la marmitte et ne laissa qu'un chapeau de lutin.
Rouge	sucre d’orge	champ	Harmonie poursuit son périple dans la nature. Elle rêve de manger des bonbons et d'en partager avec tous ses amis les animaux. Elle ferma les yeux et fit un voeux. En les ouvrant à nouveau, elle se retrouva dans un champs de sucre d'orge. Harmonie se croit dans un conte de fée.
Rouge	lanterne chinoise	ville	Harmonie se promène le long d'un trottoir. La nuit tombe quand elle entre dans un parc illuminé de lanternes chinoises. En entend de la musique et des feux d'artifices.
Rouge	l’automne	forêt	Harmonie circule entre les arbres qui perdent leurs feuilles automnales.
Rouge	vin	ville	Harmonie bouscule une table dans une ruelle étroite et renverse du vin.
Rouge	aimant	ville	Un aimant se colle aux souliers d'harmonie et elle atire toutes les métaux jonchant le sol.
Rouge	piment	plage	Harmonie mange un sandwich en regardant l'horizon. Elle s'apperçoit qu'il y a du piment à l'intérieur et suffoque sous la chaleur plus forte que le soleil au zénith.
Rouge	homard	plage	Harmonie marche dans l'écume lorsqu'elle se fait pincer l'orteil par un homard.
Rouge	crevette	plage	Harmonie pique une tête et tombe nez à nez avec un banc de crevettes qu'elle fait fuir.
Rouge	dragon	montagne	Harmonie esquive de justesse le souffle du dragon qui menace la douve d'un château.
Rouge	étoile de mer	plage	Harmonie saute de pierre en pierre sur un récif en prenant soin de ne pas écraser les étoile de mer qui se prélassent sur la roche.
Rouge	feu	forêt	Harmonie se réchauffe auprès d'un feu avant de s'endormir apaisée par le crépitement et l'odeur du feu de bois.
Rouge	phare	plage	Harmonie après avoir marché des heures, repère un phare au loin qui éclaire les environs.
Rouge	poissons rouges	plage	Harmonie nage dans l'eau en compagnie des poissons rouges qui lui passent entre les bras et les orteils.
Vert	arbre	forêt	Harmonie grimpe au sommet d'un arbre pour y décrocher des fruits.
Vert	petit pois	champ	Harmonie Romp une gousse de petit pois qui perlent sur le sol sur lesquels elle glisse.
Vert	artichaut	champ	Harmonie ouvre un artichaut et y découvre un vrai coeur.
Vert	herbe	champ	Harmonie cherche des trèfles à quatre dans l'herbe.
Vert	pomme	forêt	Harmonie cueille une pomme qui pendant au bout d'une branche inclinée dans sa direction
Vert	grenouille	montagne	Harmonie s'oriente en direction de bruits de coassements et atteris dans un marécage pleins de grenouilles et de crapauds qui sautent de nénuphar en nénuphar.
Vert	concombre	champ	Harmonie cueille dans un potager des concombre et les mets dans des pots vinaigrés afin d'en faire de succulents cornichons.
Vert	avocat	forêt	Un avocat tomba sur la tête d'harmonie qui l'hébêta un bref instant. 
Vert	poireau	champ	À côté du champ de poivrons du vieux fermier, il y a un champ de poireau, Harmonie demande au paysan si elle peut en prendre un ou deux dans le but de préparer un bon plat à sa maman. Le fermier accepte. Harmonie repart avec un baluchon rempli de poivron et de poireau. Miam !
Vert	haricot	champ	Harmonie voit quelque chose qui ressemble à une très grande tour depuis la colline où elle se trouve. Elle décide d'entreprendre un voyage pour s'en rapprocher et découvrir ce que ça peut bien être. En arrivant sur place, elle découvrit qu'il s'agit enfait d'un haricot géant, que certains héros dans des contes utilisaient pour se rapprocher des nuages.
Vert	courgette	champ	Dans le jardin de la ville, les courgettes poussent molles et sans saveur. Harmonie, avec son talent pour les plantes, décide de redonner vie aux courgettes. Elle les nourrit avec attention, les arrose régulièrement et les soigne avec amour. Bientôt, les courgettes reprennent de la vigueur, leur peau devient brillante et leur saveur redevient délicieuse. Grâce à Harmonie, le jardin retrouve ses couleurs et ses légumes sont à nouveau appréciés par tous.
Vert	cactus	plage	Harmonie assoiffée par la chaleur ambiante se dirigea vers les cactus et en extrait le jus contenu à l'intérieur de la plante. Elle en profita pour glisser une fleur de cactus dans ses cheveux.
Vert	fougère	forêt	Harmonie traversa des fougère restraignant son champs de vision tant elles étaient hautes.
Vert	tortue	plage	Harmonie vit au loins des petites tortues qui venaient de naître atteindre la mer afin. Elle balaya de ses bras les mouettes qui tentèrent de les attaquer.
Vert	colibri	forêt	Un colibri passa à toute vitesse sous le nez d'harmonie. Les battements d'ailes de cet oiseau habile la firent éternuer.
Vert	piment	plage	Après avoir mangé un piment fort par mégarde, Harmonie se précipita pour aller plonger entièrement sa tête dans l'eau.
Vert	émeraude	montagne	Harmonie pénétra dans un grotte et les faibles faisseaux lumineux qui filtraient la pénombre faisaient vibrer les couleurs de milliers d'émeraudes qui parsemaient les paroies.
Vert	menthe	montagne	Harmonie fut happée par la douce odeur que dégagaient les menthes sauvages. Elle les lava soigneusement et les machouillèrent.
Vert	pastèque	champ	Assoiffée, Harmonie romps une pastèque en deux et y extraya tout le jus tendre et sucré qu'elle contenait.
Vert	lézard	montagne	Harmonie suivit les lézard qui se suivaient le long du mur jusqu'à attérir dans leur maison.
Vert	dinosaure	montagne	Harmonie tomba nez à nez avec un dinosaure. Elle ne fit plus un geste et retint sa respiration.
Vert	marécage	forêt	Harmonie s'enfoncea dans des marécages visqueux. L'eau était gluantes et des liannes lui collaient aux bottes.
Vert	étang	forêt	Harmonie vit des brochets s'agiter dans un étang.
Vert	goblin	montagne	Harmonie cru voir du coin de l'oeil un goblin qui venait de filer à toute vitesse s'engouffrant dans le trou d'une souche d'arbre.
Vert	yeux	ville	Harmonie croisa un chat qui se tenait en hauteur sur un murêt, la fixant de ses profonds yeux verts.
Vert	bouteille en pet	ville	Harmonie vit un homme jeter sa bouteille en pet sur le sol. Quel malotrue. Elle la ramassa et lui la jeta dessus.
Vert	casquette	ville	Le vent emporta la casquette d'une femme qui roulait à pleine vitesse dans la rue.
Vert	serpent	montgne	Harmonie faillit tomber dans un trou. Elle se rattrapa de justesse et vit au fond de ce gouffre, des serpents qui s'entrelaçaient.
Vert	sapin	forêt	Harmonie ayant perdu ses repères depuis un moment, vit un sapin qui surplombait tout les autres arbres environnants. Elle décida de s'y rendre.
Vert	lutin	montagne	Harmonie se reveilla d'une sièste et vit qu'il lui manquait son coussin. Surement un coup des lutins.
vert	algue	plage	Harmonie s'encoublea dans des algues que les vagues avaient ramené sur le sable.
Vert	pré	champ	Harmonie courru dans le pré face au vent. L'air était frais.
Bleu	mer	plage	Harmonie arrive au bord de la mer, elle est calme et d'un bleu scintillant.
Bleu	océan	plage	Harmonie arrive au bord de l'océan, de grosses vagues de 2 mètres de haut s'abattent sur le récif.
Bleu	bleuet	forêt	Harmonie croise un ourson qui se nourrit de bleuet, il a du bleu plein la bouche.
Bleu	jeans	ville	Harmonie rencontre un vieux sage, les jeans troués, qui lui raconta sa vie très remplie et lui conseilla de savourer chaque instant de celle-ci.
Bleu	stylo bille	ville	Harmonie se baisse pour refaire ses lacets et trouve un stylo bille par terre. Elle le prend afin de pouvoir écrire ses récits lorsqu'elle sera à la maison.
Bleu	myosotis	montagne	Après avoir grimpé une petite colline, Harmonie trouve une fleur bleue étrange: le myosotis. Elle le ceuille et met précieusement dans un mouchoir pour le préserver et se souvenir de ce magnifique périple.
Bleu	montgolfière	champ	Harmonie voitu une grosse boule dans le ciel. En parlant avec un monsieur fumant la pipe, celui-ci lui explique que c'est une montgolfière et que si elle le désirait, elle pouvait faire un tour dans dans le ciel à ses côtés.
Bleu	myrtille	forêt	Harmonie trouva sur son passage des mirtilles, elle les broya afin d'en faire un pigment qu'elle utilisa pour se repérer sur son chemin.
Bleu	glaçon	montagne	Harmonie arrive au sommet d'une montagne enneigé sur laquelle le soleil frappe. Elle pille le verglas afin d'en faire des glaçons qu'elle glisse dans son jus de cranberries pour le rafraichir.
Bleu	glace	montagne	Harmonie en redescendant de la montagne tombe nez à nez avec un mamouth préservé dans la glace. Elle creuse dans celle-ci et extrait une de ses défense pour se défendre contre les nombreux prédateurs qui rodent aux alentours-
Bleu	banquise	plage	Harmonie glisse de son bateau qui s'en va au large. Frigorifiée, elle nage jusqu'à un bout de banquise afin de se mettre en lieu car de redoutables orques rodent dans les profondeurs.
bleu	paon	forêt	Harmonie se fait surprendre par un paon qui dévoile son éventail de couleur. La pauvre bête avait une épine qui s'était glissé entre les plumes. Elle s'approche prudemment de celui-ci et lui retire son fardeau. Il lui offre une plume en guise de remerciement qu'elle glisse dans ses cheveux.
bleu	dauphin	plage	Harmonie se dirige lentement avec son radeau. "Oh je n'atteindrai jamais le large avant l'aube." dit-elle en soupirant. C'est alors que des dauphins ayant perçu sa détresse, vinrent pousser son radeau afin qu'elle puisse atteindre sa déstination avant que les vents nocturent l'engloutissent.
bleu	yeux	ville	Pendant qu'elle circulait dans la ville, Harmonie passa au dessus d'une bouche d'égout en sentit  quelque chose lui aggriper le pied. Lorsqu'elle se retourna avec stupeur, elle vit deux grands yeux bleus qui la fixaient quelques instants.
bleu	eau	plage	Sur la plage, l'eau bleue scintillait sous le soleil éclatant, et Harmonie, les pieds dans le sable chaud, contemplait l'horizon infini avec une sérénité semblable à celle de l'océan.
bleu	verre d'eau	ville	À la cantine, les enfants pâles et assoiffés cherchent désespérément de l'eau. Harmonie, compatissante, leur apporte des verres d'eau fraîche pour étancher leur soif. Bientôt, les visages pâles s'illuminent de gratitude, alors qu'ils se désaltèrent grâce à l'intervention attentionnée de Harmonie.
bleu	saphire	montagne	Dans un monde où il n'y a plus de saphirs pour la couronne de la reine, Harmonie prend les choses en main. Elle part à la recherche de gisements de saphirs et les exploite avec soin. Bientôt, la couronne retrouve son éclat royal, grâce aux efforts de Harmonie pour restaurer sa splendeur.
Jaune	poussin	champ	Dans un monde où les poussins ne grandissent plus faute de nourriture, Harmonie trouve une solution. Elle plante des champs de grains et installe des mangeoires remplies de nourriture. Bientôt, les poussins reprennent leur croissance, et leurs plumes retrouvent leurs couleurs éclatantes. Grâce à Harmonie, même les plus petits retrouvent la force de s'épanouir, répandant la beauté et la vie dans leur environnement.
Jaune	jaune d'oeuf	ville	Harmonie remarque qu'il n'y a plus de meringue car les oiseaux ne pondent plus d'œufs. Elle installe des nichoirs et crée un environnement propice à la ponte. Bientôt, les œufs reviennent, permettant de faire de délicieuses meringues. Grâce à Harmonie, la douceur retrouve sa place dans les cuisines.
Jaune	citron	forêt	Il n'y a plus de bonbons au citron, Harmonie décide d'agir. Elle cueille des citrons frais et crée une recette de bonbons maison. Bientôt, le parfum envoûtant des bonbons au citron emplit à nouveau les rues, apportant joie et saveur à tous. Grâce à Harmonie, même les plaisirs simples peuvent renaître et égayer les journées.
Jaune	canari	plage	Les canaris sont en danger car il n'y a plus d'arbres pour pondre leurs œufs. Harmonie agit rapidement : elle plante des arbres et construit des nichoirs. Bientôt, les canaris retrouvent un refuge et commencent à pondre. Grâce à Harmonie, leur population renaît, apportant espoir et vie dans leur habitat.
Jaune	soleil	plage	Un jour, le soleil cesse d'éclairer la terre, plongeant le monde dans l'obscurité. Harmonie se retrouve sur une plage froide et sombre, où les gens se languissent du soleil disparu. Avec ingéniosité, elle rassemble des miroirs et les dispose stratégiquement sur le sable. Les rayons du soleil rebondissent sur les miroirs, répandant leur chaleur sur la plage. Les gens se réchauffent, retrouvant leur énergie et leur joie. Grâce à l'intervention de Harmonie, même lorsque le soleil se cache, sa chaleur peut encore atteindre ceux qui en ont besoin.
Jaune	banane	plage	Harmonie voit des boîtes de conserve de bananes fades dans un restaurant déserté. Elle cueille des bananes fraîches pour redonner de la couleur et de la saveur aux crumbles. Le restaurant retrouve rapidement sa clientèle, attirée par les délicieux crumbles aux bananes réinventés. Grâce à Harmonie, même les plats les plus ternes reprennent vie, apportant succès et vitalité au restaurant.
Jaune	tournesol	champ	Harmonie observe des tournesols tristes, ne regardant plus le ciel car le soleil est caché derrière les nuages. Avec détermination, elle souffle sur les nuages, les dispersant pour révéler enfin le soleil. Les tournesols, éclairés par la lumière du soleil, se tournent joyeusement vers le ciel, souriant à sa chaleur bienfaisante. Grâce à l'intervention de Harmonie, même les jours sombres retrouvent leur éclat et leur vitalité.
Jaune	maïs	champ	Harmonie est dans une salle de cinéma diffusant des films tristes en noir et blanc. Elle prépare des popcorns au sucre, apportant une touche de douceur et de couleur à l'atmosphère sombre. Les spectateurs, surpris, se laissent emporter par la saveur sucrée des popcorns, tandis que les films prennent soudainement vie avec des teintes plus vibrantes. Grâce à Harmonie, même les histoires les plus sombres retrouvent un éclat de joie et de couleur.
Jaune	taxi	ville	Harmonie monte dans un taxi terne et sans vie. Voyant le désintérêt du chauffeur, elle engage la conversation, évoquant des sujets passionnants et partageant des anecdotes joyeuses. Peu à peu, l'ambiance dans le taxi se transforme, laissant place à la conversation animée et aux rires partagés. Grâce à l'énergie positive de Harmonie, même le trajet en taxi devient une expérience lumineuse et divertissante, redonnant de la vie à chaque instant du voyage.
Jaune	éponge	plage	Harmonie trouve une éponge sèche et grise, délaissée dans du sable. Avec bienveillance, elle la plonge dans l'eau, et à sa grande surprise, l'éponge retrouve instantanément son éclat. Les couleurs vives et la douceur reviennent à la surface, transformant l'éponge terne en un outil brillant et fonctionnel. Touchée par cette simple transformation, Harmonie réalise la puissance de la renaissance, même dans les petites choses de la vie quotidienne.
Jaune	ananas	plage	Harmonie remarque une pizza fade et sans saveur. Avec créativité, elle ajoute des tranches d'ananas, apportant une touche de fraîcheur et de douceur à la pizza. Les saveurs se mêlent harmonieusement, redonnant vie au plat autrefois insipide. Les convives, surpris par cette transformation, dégustent avec plaisir chaque bouchée, désormais agrémentée d'une touche exotique inattendue. Grâce à l'intervention de Harmonie, même les plats les plus ternes retrouvent leur éclat.
Jaune	marguerite	champ	Harmonie observe des marguerites en difficulté, incapables de se reproduire faute de pollinisation. Avec une idée lumineuse, elle attire les abeilles vers les fleurs, permettant ainsi la pollinisation et assurant la survie des marguerites. Grâce à son intervention, les fleurs retrouvent leur capacité à se reproduire, égayant ainsi le paysage de nouvelles couleurs.
Jaune	or	montagne	Harmonie découvre une vieille bague de mariage familiale recouverte de rouille. Avec précaution, elle la nettoie délicatement, enlevant patiemment chaque trace de rouille. Peu à peu, la bague retrouve son éclat d'antan, révélant son véritable brillant. Emue par cette restauration, Harmonie redonne à la bague une seconde vie, préservant ainsi l'héritage familial pour les générations à venir.
Jaune	moutarde	champ	Harmonie remarque un vendeur de hot-dogs, mais les sandwichs semblent fades et grisâtres. Avec détermination, elle crée rapidement une moutarde maison, apportant ainsi une explosion de saveurs au hot-dog. Les clients, surpris par cette transformation, dégustent avec plaisir chaque bouchée, désormais agrémentée d'une touche de délice inattendue. Grâce à l'intervention de Harmonie, même les mets les plus simples retrouvent leur éclat.
Jaune	gilet de sécurité	ville	Harmonie repère une femme bienveillante, mais son gilet de sécurité ne s'illumine pas. Elle allume alors un projecteur à côté d'eux, dirigeant un spot lumineux sur le gilet pour éclairer leur chemin. Les enfants traversent ainsi en toute sécurité, guidés par la lueur du gilet sous le regard bienveillant de la femme.
Jaune	imperméable de pluie	ville	Harmonie découvre un imperméable abandonné près d'une mare boueuse. Curieuse, elle le secoue et, à sa grande surprise, la couleur vive de l'imperméable se révèle, illuminant l'atmosphère grise d'une journée pluvieuse. Intriguée par cette découverte, elle réalise que l'imperméable cache un secret éclatant, transformant chaque goutte de pluie en un éclat de couleur joyeux. Grâce à cet imperméable magique, même les jours gris retrouvent leur éclat.
Jaune	pissenlit	champ	Harmonie découvre un champ de pissenlits ternes et fatigués. Avec tendresse, elle souffle sur les graines, les dispersant dans l'air. À sa grande surprise, chaque souffle libère des pigments de couleur, transformant le champ autrefois fade en un tableau éclatant de teintes vives. Grâce à l'intervention magique de Harmonie, les pissenlits retrouvent leur éclat, répandant la joie et la beauté dans tout le champ.
Jaune	balle de tennis	ville	Harmonie trouve une vieille balle de tennis dans un coin oublié du terrain. Avec curiosité, elle la lance, et à son grand étonnement, l'impact libère des pigments colorés du sol, créant des éclaboussures de couleurs vives tout autour. Fascinée par ce phénomène, elle commence à expérimenter, découvrant que chaque rebond de la balle apporte une explosion de couleurs, redonnant vie au terrain d'une manière inattendue et joyeuse.
Jaune	tulipe	champ	Dans un champ autrefois vibrant de vie, Harmonie découvre des tulipes fanées et délaissées. Avec détermination, elle plante de nouvelles graines de tulipes, veillant à leur croissance avec amour. Bientôt, le champ est à nouveau paré de couleurs vives et éclatantes, les tulipes s'épanouissant sous les rayons du soleil. Grâce à l'effort de Harmonie, la beauté du champ est restaurée, offrant un spectacle enchanteur à tous ceux qui le contemplent.
Jaune	miel	forêt	Harmonie découvre une ruche délaissée dans les bois. Avec attention, elle plante des fleurs autour de la ruche, offrant ainsi un festin coloré aux abeilles. Peu à peu, la ruche reprend vie, les abeilles butinant les fleurs et produisant à nouveau du miel en abondance. Grâce à l'initiative de Harmonie, la splendeur de la ruche est restaurée, et les délices dorés du miel sont à nouveau partagés avec le monde.
Jaune	chapeau de paille	plage	Harmonie repère un chapeau de paille abimé qui volait dans la grisaille. Après une recherche rapide, elle retrouve la personne qui l'a perdu. À la vue de son chapeau restauré, le cœur du propriétaire s'illumine de joie, reflétant les couleurs éclatantes du chapeau, désormais retrouvé et rendu à sa gloire d'antan.
Jaune	couronne	montagne	Dans une grotte isolée au cœur de la montagne, Harmonie découvre une couronne ternie et décide de la restaurer. Avec détermination, elle la nettoie, remplace les pierres manquantes, puis la lustre soigneusement, lui redonnant son éclat d'antan.
Jaune	panneau de signalisation	ville	Dans la rue, Harmonie remarque un panneau de signalisation terne, dépourvu de ses couleurs vives habituelles. À cause de cela, les conducteurs ne parviennent pas à le remarquer, ce qui entraîne des accidents réguliers. Elle le redresse et le repeint. Ainsi, l'ordre est rétabli au sain de la ville et les voitures peuvent circuler en toute sécurité.
Jaune	mangue	plage	Harmonie, sur la plage, remarque une mangue terne. Elle interpelle un perroquet coloré et lui demande de redonner de l'éclat à ce fruit. Le perroquet, avec ses plumes chatoyantes, semble comprendre, et d'un battement d'ailes, il transmet ses couleurs vives à la mangue, illuminant ainsi le paysage côtier.
Jaune	feu d'artifice	ville	Dans la ville plongée dans l'obscurité, Harmonie déclenche un feu d'artifice. Chaque éclat de lumière semble ramener l'électricité dans les bâtiments, illuminant à nouveau la ville d'une splendeur étincelante.
Jaune	feu d'artifice	champ	Dans le champ obscur, Harmonie allume un feu d'artifice, illuminant le ciel d'éclats de couleurs vives. Chaque explosion semble ramener des étoiles dans le ciel, illuminant la nuit d'une beauté éphémère et magique.
Jaune	torche	montagne	Dans l'obscurité profonde d'une cave dans la montagne, Harmonie allume une torche, faisant danser ses flammes vacillantes dans les ombres ancestrales.
Jaune	lumière	ville	Harmonie remarque une faible lueur dans la rue, provenant d'un réverbère défectueux. Avec détermination, elle le remet en marche, illuminant à nouveau la ville de son éclat chaleureux. Les passants apprécient cette nouvelle luminosité, qui rend les rues plus vivantes et rassurantes.
Jaune	ampoule	ville	Harmonie remarque une ampoule terne dans la rue. Elle la remplace par une nouvelle, illuminant la nuit de sa lueur éclatante. Les passants apprécient la nouvelle luminosité, rendant les rues plus accueillantes et sécurisantes.
Jaune	chandelier	château	Harmonie décide de redonner vie à un vieux chandelier du village. Elle le dépoussière avec soin, faisant briller son éclat doré. Les enfants du village apprécient la lueur chaleureuse qu'il apporte à leurs maisons.
Jaune	poste	ville	Harmonie décide de redonner vie à la vieille poste du village. Elle nettoie, répare et repeint le bâtiment délabré, en faisant un lieu accueillant pour que les gens puissent envoyer des lettres et des dessins. Les enfants du village sont fiers de son travail et se réjouissent de pouvoir communiquer avec leurs amis à travers les lettres.
Jaune	jonquilles	champ	Harmonie plante des jonquilles dans son jardin pour ajouter de la couleur à son village. En les voyant fleurir, les villageois sont remplis de joie. Chaque fois qu'ils se promènent dans les rues, les jonquilles leur offrent un spectacle lumineux et joyeux, égayant leur quotidien.
Jaune	gateau au citron	château	Harmonie cueille des citrons dans son jardin pour préparer un gâteau. Une fois cuits, elle partage le délicieux dessert avec ses amis, apportant une touche de fraîcheur à leur journée.
Jaune	bananier	plage	Dans la jungle dense, Harmonie repère un bananier délaissé parmi les arbres. Avec détermination, elle le restaure, écartant les branches mortes. Bientôt, les singes se précipitent pour se nourrir des fruits juteux, apportant une touche de vie à cet environnement sauvage.
Jaune	brioche	montagne	Harmonie prépare une brioche dorée, ajoutant une touche de confiture de citrouille pour la douceur. Une lueur de couleur et de saveur égaye le moment, réchauffant son environnement.
Jaune	pain	champ	Harmonie arpente des champs de blé grisâtres. Elle récolte le blé avec détermination, ses mains semblant être les seules touches de couleur dans cet univers morne. De retour au moulin, elle moud le blé avec énergie, transformant la tristesse environnante en un pain nourrissant et réconfortant.
Violet	galaxie	montagne	Dans sa chambre, Harmonie contemple sa toile terne représentant une galaxie. Déterminée à lui redonner éclat, elle saisit ses pinceaux et ses couleurs. Avec passion, elle ajoute des étoiles scintillantes et des nébuleuses chatoyantes. Bientôt, la galaxie sur la toile retrouve sa splendeur, grâce au talent artistique de Harmonie.
Violet	lavande	champ	Dans la chambre d'Harmonie, des poux sèment la panique. Se rappelant les conseils de sa grand-mère sur la lavande, elle cueille quelques brins dans le jardin. En les disposant autour de son lit, l'odeur envoûtante de la lavande repousse les poux. Bientôt, Harmonie retrouve le calme, rassurée par la magie de la lavande.
Violet	violettes	champ	Dans un coin du jardin, les violettes exhalent leur parfum délicat. Harmonie, séduite par leur fragrance, les cueille avec tendresse. De retour en cuisine, elle les transforme en un délicieux sirop, mêlant douceur et subtilité. Bientôt, les violettes offrent leur essence dans un sirop exquis, révélant le talent culinaire de Harmonie.
Violet	aubergine	champ	Les aubergines, lourdes de potentiel, semblaient attendre dans le jardin. Harmonie, inspirée par leur présence, les cueillit avec soin. De retour en cuisine, elle les prépara avec amour, les transformant en un délicieux repas. Bientôt, les aubergines furent servies, offrant un festin de saveurs grâce au talent culinaire de Harmonie.
Violet	prune	forêt	Les branches chargées de prunes risquaient de se casser sous le poids de leur récolte abondante. Harmonie, attentive à leur détresse, les soutint délicatement. Bientôt, les prunes retrouvèrent leur équilibre, grâce aux gestes prévenants de Harmonie.
Violet	orchidée	champ	Dans le pré, des orchidées fragiles sont menacées par le vent. Harmonie les soutient avec douceur, préservant leur beauté délicate. Bientôt, elles retrouvent leur stabilité, grâce à l'attention bienveillante de Harmonie.
Violet	mûre	forêt	Les branches chargées de mûres semblaient cassées sous leur poids. Harmonie, voyant leur détresse, les soutint et les attacha avec soin. Bientôt, les mûres retrouvèrent leur équilibre, grâce aux efforts de Harmonie.
Violet	pivoine	champ	Au printemps, les pivoines du jardin semblaient fanées, trahissant leur négligence. Harmonie, touchée par leur état, s'approcha avec compassion. Avec précaution, elle les examina et les entoura de soins attentifs. Bientôt, les pivoines retrouvèrent leur splendeur, leurs pétales déployés et leurs couleurs vives égayant le jardin, témoignant de la transformation opérée par l'amour de Harmonie.
Violet	iris	champ	Les iris du jardin semblaient fanés, révélant leur manque de soins. Harmonie, touchée par leur état, s'approcha avec compassion. Avec précaution, elle les tailla et les arrosa abondamment. Bientôt, les iris retrouvèrent leur éclat, leurs pétales colorés se dressant fièrement sous le soleil, grâce à l'attention de Harmonie.
Violet	figues	champ	Sur un arbre à figues, certaines semblaient ternes, attendant d'être utilisées. Harmonie, voyant leur potentiel, décida d'en faire une confiture. Avec enthousiasme, elle les cueillit, les prépara et les fit mijoter avec amour. Bientôt, les figues se transformèrent en une délicieuse confiture, emplissant la cuisine d'un parfum sucré et réconfortant, grâce au savoir-faire de Harmonie.
Violet	pensées	champ	Un coin du jardin abritait des fleurs pensées, leurs pétales flétris trahissant leur négligence. Harmonie, touchée par leur beauté fanée, s'approcha avec douceur, prête à les raviver. Avec soin, elle les arrosa et les tailla, révélant bientôt leur éclat retrouvé, une explosion de couleurs vibrantes qui égayait le jardin, témoignant de la transformation orchestrée par Harmonie.
Violet	raisin	champ	Dans un coin ensoleillé du jardin, un pied de vigne négligé peinait à produire des raisins juteux. Harmonie, voyant son potentiel, lui apporta de l'eau et de l'engrais. Bientôt, la vigne retrouva sa vigueur et ses raisins mûrirent en abondance, grâce aux soins attentifs de Harmonie.
Violet	jus de raisin	château	Dans un coin de la cuisine, une bouteille de jus de raisin oubliée perdait de sa fraîcheur. Harmonie la sortit du réfrigérateur, la versa dans un verre et y ajouta des glaçons. Bientôt, le jus retrouva sa fraîcheur et sa saveur, prêt à être dégusté grâce à l'intervention de Harmonie.
Violet	lila	champ	Dans un coin négligé du jardin, les lilas, autrefois magnifiques, semblaient flétrir sous le manque de soins. Harmonie, pleine de compassion, leur offrit de l'eau et de l'attention. Bientôt, les lilas reprirent vie, leurs fleurs épanouies emplissant l'air de leur parfum envoûtant, grâce aux soins dévoués de Harmonie.
Violet	rideau	ville	Dans un coin sombre du salon, des rideaux autrefois chatoyants pendaient terne et poussiéreux. Harmonie, armée de détermination, les décrocha, les nettoya avec soin, et les replaça, leur redonnant leur éclat d'antan. Désormais, sous les rayons du soleil, les rideaux dansaient à nouveau, apportant une touche de couleur et de vie à la pièce.
Violet	amethyst	montagne	Dans un coin de sa chambre, une améthyste ternie perdait de sa splendeur. Harmonie, avec délicatesse, la nettoya et la plaça près de la fenêtre. Bientôt, la pierre retrouva son éclat, ses reflets violets dansant à nouveau dans la lumière.
Brun	terre	champ	Dans un coin désolé du jardin, une terre infertile attendait désespérément un peu d'amour. Harmonie, munie de graines et d'eau, la revitalisa. Bientôt, la terre stérile se métamorphosa en un sol fertile, nourrissant la croissance luxuriante des plantes grâce à l'attention de Harmonie.
Brun	café	ville	Dans un coin de la cuisine, une vieille machine à café était abandonnée, ses mécanismes rouillés la rendaient inefficace. Harmonie, résolue à lui redonner vie, la nettoya et la lubrifia. Rapidement, la machine reprit vie, transformant les grains fades en une poudre aromatique et délicieuse.
Brun	chocolat	ville	Dans l'ombre d'un bosquet, un arbuste de cacao se desséchait, ses branches dénudées et ses fèves flétries. Harmonie, pleine de compassion, lui donna de l'eau et du sol fertile. Rapidement, l'arbuste se raviva, ses branches se garnirent de feuilles vertes et ses fèves reprirent leur éclat.
Brun	noisette	forêt	Dans un coin ombragé, un noisetier languissait, ses branches nues et ses fruits flétris. Harmonie, compatissante, lui apporta de l'eau et de la nourriture. Bientôt, l'arbre revivifia, ses branches se couvrirent de feuilles et ses noisettes reprirent leur éclat.
Brun	ecorce d'arbre	forêt	Dans une clairière sombre, un vieil arbre se languissait, ses feuilles fanées et son écorce grise. Harmonie, armée de sa bienveillance, lui offrit de l'eau et des nutriments. Sous ses soins, l'arbre retrouva sa vigueur, ses feuilles reprirent vie et son écorce devint à nouveau robuste et vibrante.
Brun	ours brun	forêt	L'ourson brun, affamé et effrayé, se blottissait dans un coin sombre, son ventre criant famine. Harmonie vint lui apporter du miel et du poisson. Sous sa bienveillance , l'ourson retrouva sa force et son courage.
Brun	chaussure en cuir	ville	Les chaussures en cuir étaient ternes, leur éclat naturel étouffé par la poussière et l'usure du temps.Harmonie en pris soin leur offrant une nouvelle couche de cirage. Sous cette touche experte, le cuir revêtit une brillance éclatante, révélant sa véritable beauté. Bientôt, les chaussures étincelèrent, prêtes à arpenter à nouveau le monde avec élégance et fierté.
Brun	terre cuite	ville	La figurine en terre cuite semblait austère, ses nuances terreuses ne révélant que peu de vie. Lorsque Harmonie pétri la terre, elle éveilla ses formes et ses couleurs. Soudain, elle étincela, rayonnant d'une nouvelle vitalité, captivant l'attention par sa beauté renouvelée.
Brun	poupée en bois	montagne	La poupée en bois était terne, semblant presque endormie dans sa tranquillité.  Quand harmonie joua avec, les détails éclatèrent, comme si la poupée venait soudainement à la vie. Son visage prit vie, illuminé par un sourire radieux, répandant une ambiance joyeuse et enchanteresse autour d'elle.
Brun	sculpture	montagne	La sculpture semblait terne, immobile dans sa grisaille. Mais d'un coup de pinceau habile, Harmonie l'effleura révélant la magie des formes et des couleurs. Soudain, elle s'anima, rayonnant de vie et de joie, illuminant l'espace de sa nouvelle splendeur.
Brun	châtaigne	forêt	Les châtaigniers semblaient tristes avec leurs feuilles ternes. Mais Harmonie amena une brise douce,  portant des notes magiques. Elle a effleuré les arbres, les réveillant. Les feuilles ont alors éclaté de couleurs ! La forêt s'est illuminée, remplie de bonheur.